{
  "version": "v1",
  "blocklist": [],
  "data": [
    {
      "schema_version": "1.0.0",
      "id": "squared_media_rig_ui",
      "name": "Squared Media Pro Rig V1",
      "tagline": "UI for controlling Squared Media's rigs in Blender",
      "version": "1.4.11",
      "type": "add-on",
      "maintainer": "Fxnarji <fxn-work@proton.me>",
      "license": [
        "SPDX:GPL-3.0-or-later"
      ],
      "blender_version_min": "4.5.0",
      "permissions": {
        "files": "for loading rig configurations and Skins",
        "clipboard": "copy debug information"
      },
      "archive_url": "./squared_media_rig_ui-1.4.11.zip",
      "archive_size": 1555566,
      "archive_hash": "sha256:66c300c3113eda6c38b4941cc5f5ca91a5fb4de5f48d9918cd7e95535e0bd173"
    }
  ]
}